{"cameraMode":{"drawMode":0,"name":"Shaded","section":"Shading Mode"},"sceneLighting":true,"audioPlay":false,"sceneViewState":{"m_AlwaysRefresh":false,"showFog":true,"showSkybox":true,"showFlares":true,"showImageEffects":true,"showParticleSystems":true,"showVisualEffectGraphs":true,"m_FxEnabled":true},"in2DMode":false,"pivot":{"x":-71.09016418457031,"y":-17.468090057373048,"z":-88.26435852050781},"rotation":{"x":0.07250349223613739,"y":-0.9270609021186829,"z":0.24111242592334748,"w":0.27844271063804629},"size":30.432668685913087,"orthographic":false}