{"cameraMode":{"drawMode":0,"name":"Shaded","section":"Shading Mode"},"sceneLighting":true,"audioPlay":false,"sceneViewState":{"m_AlwaysRefresh":false,"showFog":true,"showSkybox":true,"showFlares":true,"showImageEffects":true,"showParticleSystems":true,"showVisualEffectGraphs":true,"m_FxEnabled":true},"in2DMode":false,"pivot":{"x":748.2774658203125,"y":-227.44517517089845,"z":934.6156005859375},"rotation":{"x":-0.1897495836019516,"y":0.04207214340567589,"z":-0.008037232793867588,"w":-0.9811067581176758},"size":1294.4832763671875,"orthographic":false}